{
  "run_name": "granite-350m_fmtb_full_ep3",
  "model": "ibm-granite/granite-4.0-350m",
  "format": "b",
  "method": "full",
  "epochs": 3,
  "lr": 0.0002,
  "train_examples": 485,
  "eval_examples": 22,
  "train_loss": 0.36720313620371897,
  "wall_time_seconds": 983.3034739494324,
  "n_params_total": 352379904,
  "n_params_trainable": 352379904,
  "inference_latency_ms": 5812.9581789980875
}